type,name,module,path,hash
"yaml","manifest","_config","_config/manifest.yaml","b3102bc580dc2c5ab867f673d84a1cd523b180cf0867021a74ba124d6c84e318"
"csv","module-help","bmm","bmm/module-help.csv","c3c1033c8fffef924bb71342e22a0a2a8243911a0b856e2aa7804d8bb49feb5a"
"html","validation-report-template","bmm","bmm/plan/bmad-prd/assets/validation-report-template.html","a80becdd8205d2d7c18738855830b096172a496b96b5ca8a0820ec55c9bb8bf9"
"html","validation-report-template","bmm","bmm/plan/bmad-ux/assets/validation-report-template.html","8656945636fabe96624f8ef8fce931b073b5aecbe42d490584c1d5c7f31e1353"
"json","bmad-manifest","bmm","bmm/plan/bmad-prfaq/bmad-manifest.json","b67b016cd68535a97bd9164c237fbfe19a5b26bc1a3f0afe203fecfa40aab6ff"
"md","acceptance-verdict","bmm","bmm/ship/bmad-retrospective/references/acceptance-verdict.md","09a65007c39af83e01e039331c252e6e670b134cd5e2a4b5e05ac9d9fb7e37f1"
"md","aggregate-views","bmm","bmm/ship/bmad-retrospective/references/aggregate-views.md","5b278afce4a53692d8715b4af178e4233da0876921dc3154b5763d056cb5ff0b"
"md","artifact-analyzer","bmm","bmm/plan/bmad-prfaq/agents/artifact-analyzer.md","7bdc44830f8d593346ec0ee15e36e1e431432fcc6c38b70bb861999315c9cfa4"
"md","best-practices","bmm","bmm/plan/bmad-project-context/references/best-practices.md","850c45d2e1de44b1cd8e3b06b8175df53aac8983326d73351eab547bfacc532b"
"md","brief-template","bmm","bmm/plan/bmad-product-brief/assets/brief-template.md","bb28edf75d023067551c8d417b19b8803324e7acfb2ad0c80f882e9134f4c1f1"
"md","checklist","bmm","bmm/ship/bmad-correct-course/checklist.md","3e082b95def90ccb876e3101ce0bbaf797a0f03a9471e1347361897f27977327"
"md","checklist","bmm","bmm/ship/bmad-qa-generate-e2e-tests/checklist.md","b58f810aeb1040c2f6758c88aa133afce72f8cc178d3d97ff0fbaa3d943057dc"
"md","claims-check","bmm","bmm/ship/bmad-build/references/claims-check.md","50ea17cb89a78ef815286dde2dabfd09f1dc9841d07a10857f88b39ab7b9bd2a"
"md","claims-check","bmm","bmm/ship/bmad-build-auto/references/claims-check.md","50ea17cb89a78ef815286dde2dabfd09f1dc9841d07a10857f88b39ab7b9bd2a"
"md","claims-check","bmm","bmm/ship/bmad-code-review/references/claims-check.md","7be5d35dd90a1950addc2062acdf8669026b239117efe1e398da1e8161cfa6f9"
"md","color-themes","bmm","bmm/plan/bmad-ux/assets/color-themes.md","ccb6e4ef47a196476cf9392d788938ad3ca8d07b9ce095b7c092dcb4e06735f0"
"md","compile-epic-context","bmm","bmm/ship/bmad-build/compile-epic-context.md","6793b15ae85766cee529e6b349e45f2c6ec9e3212019611c29e8c77b4dc4b924"
"md","compile-epic-context","bmm","bmm/ship/bmad-build-auto/compile-epic-context.md","64d13b41974cfa0dfc1de64b6fbd8365e9b99f91c7c98f0ee1a9fbd018f324ca"
"md","creative-tools","bmm","bmm/plan/bmad-ux/references/creative-tools.md","e281292d7c0fdecdbb67ca9b7d95d4bed803626ba5edfd8dcc99146fcaa118e6"
"md","customer-faq","bmm","bmm/plan/bmad-prfaq/references/customer-faq.md","96f8565197649c58908a1d61b6cd805fd01f57da7945ba889c18d087ad597aeb"
"md","deletion-check","bmm","bmm/ship/bmad-build/references/deletion-check.md","0f1f124e4e957147e89164a272b10bedc694ad0d9ad2618c8610ac74ee9cb0da"
"md","deletion-check","bmm","bmm/ship/bmad-build-auto/references/deletion-check.md","0f1f124e4e957147e89164a272b10bedc694ad0d9ad2618c8610ac74ee9cb0da"
"md","deletion-check","bmm","bmm/ship/bmad-code-review/references/deletion-check.md","0f1f124e4e957147e89164a272b10bedc694ad0d9ad2618c8610ac74ee9cb0da"
"md","design-directions","bmm","bmm/plan/bmad-ux/assets/design-directions.md","eab73b948da76a27abc908e1e7d6b124e8ff0362e6dd1990f7e60b9541cbcb98"
"md","design-example-editorial","bmm","bmm/plan/bmad-ux/assets/design-example-editorial.md","a659166845b1a4ed3f9aef942c5935537a97382b10303684fbb78ed86265870e"
"md","design-example-mobile","bmm","bmm/plan/bmad-ux/assets/design-example-mobile.md","a93fb9f114f2e83af0c961c0d7909b3859fc80bcd713715517cd639a53a0372a"
"md","design-example-shadcn","bmm","bmm/plan/bmad-ux/assets/design-example-shadcn.md","25e0dfb2bb21483973a8f0a6ed650288b3dc2ae5ed02aa0f091bb9b6b0b39fc0"
"md","design-md-spec","bmm","bmm/plan/bmad-ux/references/design-md-spec.md","d04d5f663607aba3f3181e818ae33856e6caf5e560dcb16fa64ed80b7cf3d590"
"md","edge-case-hunter","bmm","bmm/ship/bmad-build/review-prompts/edge-case-hunter.md","8fc046af1cbf4ecc928207cec75e29c3c260adb86cc7da77537ade3b3a3b9448"
"md","edge-case-hunter","bmm","bmm/ship/bmad-build-auto/review-prompts/edge-case-hunter.md","8fc046af1cbf4ecc928207cec75e29c3c260adb86cc7da77537ade3b3a3b9448"
"md","edge-case-hunter","bmm","bmm/ship/bmad-code-review/review-prompts/edge-case-hunter.md","5f4572d57340b4c0d155f33454d644a44af101cd7fd02a01591be68a4ebb8b7f"
"md","epics-template","bmm","bmm/plan/bmad-create-epics-and-stories/templates/epics-template.md","a804f740155156d89661fa04e7a4264a8f712c4dc227c44fd8ae804a9b0f6b72"
"md","evidence-gathering","bmm","bmm/ship/bmad-retrospective/references/evidence-gathering.md","575bace78d7c03c48d86a209dd664f7dd22295a222b75e6d6298894cb7b7ce00"
"md","excalidraw-wireframe","bmm","bmm/plan/bmad-ux/assets/excalidraw-wireframe.md","660bbcdebff50cd044a3752eda43f3cb303aca4b0f521b55a270da93b89ddb18"
"md","experience-example-mobile","bmm","bmm/plan/bmad-ux/assets/experience-example-mobile.md","f8cd54c92193cd8c34a472df9c212ac7330976f6a115b729721dcb60034dc4f0"
"md","experience-example-shadcn","bmm","bmm/plan/bmad-ux/assets/experience-example-shadcn.md","d6ca16e87b768e8b41f352c02ee08af21d7cdac04ca21e6ae1556864b4d27590"
"md","fix-sprint-status","bmm","bmm/plan/bmad-sprint-planning/references/fix-sprint-status.md","0406c31b70da33e2a354d9785f43d8f9918f4b923d0aac2ebd1e3707ebad5806"
"md","generate-tracking","bmm","bmm/plan/bmad-sprint-planning/references/generate-tracking.md","4dbf7aca26d0e6e893f288fc5e6158dbbcd65f77bbaf95e941ca705abceb1741"
"md","generate-trail","bmm","bmm/ship/bmad-walkthrough/generate-trail.md","4a5936d86fbe5a85285b4535097b1e2edda8849da35586f4b588a982d7224459"
"md","headless","bmm","bmm/plan/bmad-architecture/references/headless.md","4db2708f335c94cb024b5eba022b1e3d88b1ec61c94c4716626d9b89684f5833"
"md","headless","bmm","bmm/plan/bmad-prd/references/headless.md","4dad58ebee63933a53179016513ff94d143ce9f68e226489d390e2c36bf1d848"
"md","headless","bmm","bmm/plan/bmad-ux/references/headless.md","8da7e23d269b1644f45b5104a243a6a27fd8d075aebb95d9b7752f0d143f0f5d"
"md","headless-schemas","bmm","bmm/plan/bmad-prd/assets/headless-schemas.md","8d3621333a72400512bd62511bc4c73fc745711505e1f852c697ff8c5fa2de93"
"md","headless-schemas","bmm","bmm/plan/bmad-spec/assets/headless-schemas.md","83afb3614716db2347d83586a67b9c524492dd50db5282436ccb35c99fb5f08a"
"md","headless-schemas","bmm","bmm/plan/bmad-ux/assets/headless-schemas.md","e3a773dde85286f1a6f6dd8b26fc17e09ccea96f6257dfe7fb436353cd79242d"
"md","internal-faq","bmm","bmm/plan/bmad-prfaq/references/internal-faq.md","26eb83f844cda1ed8efb50f4703d61713ada8a64bd27eb387f759f858b5748de"
"md","key-screens","bmm","bmm/plan/bmad-ux/assets/key-screens.md","ff1c5060673dd595edd61e76806bae876264ec6895c2eaadf8a6190785bf5f7b"
"md","prd-template","bmm","bmm/plan/bmad-prd/assets/prd-template.md","b6fe8fc1390b8e46961d5eb5e6f2fe6c65dca2f30623d492677672e02868f7ab"
"md","prd-validation-checklist","bmm","bmm/plan/bmad-prd/assets/prd-validation-checklist.md","41d9f09064772a92ec908d970618e47ba63dc86b5c5a1a21d5a2c676d3ba8e3f"
"md","press-release","bmm","bmm/plan/bmad-prfaq/references/press-release.md","c406adb0e2d2cc326cbc45d0174f89d014523448ad82bc272293999d22aec596"
"md","prfaq-template","bmm","bmm/plan/bmad-prfaq/assets/prfaq-template.md","b27e6964f0437ab4e78c8c0ffbe5052c28e3b3ef2fc811726cbb394d5a5c7559"
"md","readiness-gate","bmm","bmm/plan/bmad-sprint-planning/references/readiness-gate.md","7d58ea61fafe3c1d8218203abc7512e322ca384c78d9e71829df55dfabe1245b"
"md","README","bmm","bmm/v6-shims/README.md","5495469425b50bca1cd74899c6ebfe840f137cf2a68d008bc993aa2574bd9972"
"md","retro-document","bmm","bmm/ship/bmad-retrospective/references/retro-document.md","de8164664cd2be7f73b8ba5552e9e0f58816d2a7c4be8efc7715461846bb7001"
"md","reviewer-gate","bmm","bmm/plan/bmad-architecture/references/reviewer-gate.md","d32e32a3c1d59b5612b947004f3f6fef1117a13ce9f1ffa428d616e0b5d4db69"
"md","SKILL","bmm","bmm/agents/bmad-agent-analyst/SKILL.md","8b7c9d72968614a846ca3607e4b9eb4b124d36eb6dac86150e35eeb4bcd7d913"
"md","SKILL","bmm","bmm/agents/bmad-agent-architect/SKILL.md","dcedd59cea2aa2d9dac0efda0d62824f624dbd80164280306ef830fcc7822f16"
"md","SKILL","bmm","bmm/agents/bmad-agent-dev/SKILL.md","0bc44690f0dc7fdeaabd763efd3ead4b2e8bb8b3a8d5437140605a544b39bb1f"
"md","SKILL","bmm","bmm/agents/bmad-agent-pm/SKILL.md","e38fe9aa923f3e4c885aad87d32d34afa6f1a5952ff9697a656f85378f9e9a04"
"md","SKILL","bmm","bmm/agents/bmad-agent-ux-designer/SKILL.md","8fb7ee707fe0e9795608e54ab5bf93af46183134fb2f38d5b964b8a98fa85c1e"
"md","SKILL","bmm","bmm/plan/bmad-architecture/SKILL.md","4a256afa9c725e0bf5b55961d21774f1eb00011dbe31509e280a955bdb1a5c09"
"md","SKILL","bmm","bmm/plan/bmad-create-epics-and-stories/SKILL.md","df61e2df22e0645f44a60c15320f2b93fbabf4a62fbb4a2eac399b7e7a081127"
"md","SKILL","bmm","bmm/plan/bmad-prd/SKILL.md","1e0436d7863406e9f4ed6d1b9d97d2c3304dbcdf8dc4c5b1e76b560d0663bbb9"
"md","SKILL","bmm","bmm/plan/bmad-prfaq/SKILL.md","5c699e0f9eb5b40d29403c87077a820a5a36d91bd730f88998daf21c48b77891"
"md","SKILL","bmm","bmm/plan/bmad-product-brief/SKILL.md","ab64cab428cd5014dcade28df615ac75ac10cc501eab0410567f1f9a3dd15e1a"
"md","SKILL","bmm","bmm/plan/bmad-project-context/SKILL.md","50b0ee0f4905273dd7f8a57a4e79b2ff47eabb074b6f4bce8242b950b37dfb63"
"md","SKILL","bmm","bmm/plan/bmad-spec/SKILL.md","46a2c3d5541d63af1520fac6b7abfff161a94b52fed51df6454115e3da5639c7"
"md","SKILL","bmm","bmm/plan/bmad-sprint-planning/SKILL.md","dad69f365f08e4043f07c1b10c1d387aedf544696be9f5ee06be885eb2263f07"
"md","SKILL","bmm","bmm/plan/bmad-ux/SKILL.md","9bbdf3c884d5ccaaafc1bf740ce412b0c220239880625c49e8856cfacee01ffe"
"md","SKILL","bmm","bmm/ship/bmad-build/SKILL.md","1cdf5406965ba24236d2375739d839699eb56b619834490539d1bd3d5111f890"
"md","SKILL","bmm","bmm/ship/bmad-build-auto/SKILL.md","ea798a5f7df3b11eb73555a54fc0516c70d8f98739bd7857d968297b26f6ef94"
"md","SKILL","bmm","bmm/ship/bmad-code-review/SKILL.md","c6aad905fb70b76f88db76550f0de3b9170ea99099c0b592c6c3609bf3c05218"
"md","SKILL","bmm","bmm/ship/bmad-correct-course/SKILL.md","d04921fc889c501ca3d6cb8abd087dcd0884fb4b21b4d386b896a058526c4cbf"
"md","SKILL","bmm","bmm/ship/bmad-qa-generate-e2e-tests/SKILL.md","23e70e3c69ef91d73a61109fbc2abe41241756ed61ac28b5e6da7dcfd5b52eb5"
"md","SKILL","bmm","bmm/ship/bmad-retrospective/SKILL.md","dc43ce39da086330fd645cf2ae560d5be941761a6f35478e3e9278c7b721a08f"
"md","SKILL","bmm","bmm/ship/bmad-walkthrough/SKILL.md","19aeb0a2451aae83a2a8fe3a314e383332c4e2108d6cedfa38f79e7b9b9ef80e"
"md","spec-template","bmm","bmm/plan/bmad-spec/assets/spec-template.md","4b3a032c045fdd0903933446fc07f93e879997f28a0294ed4344da71192b20ee"
"md","spec-template","bmm","bmm/ship/bmad-build/spec-template.md","e217325964857ebd90a9508bf171eddc2c4ad1b0b9b32a119775ac5c015695fd"
"md","spec-template","bmm","bmm/ship/bmad-build-auto/spec-template.md","59a046df2773ec05af0688823d17238bfde2bb54c0c3b3eff6acec4856f1eb7a"
"md","spine-template","bmm","bmm/plan/bmad-architecture/assets/spine-template.md","ef4ff795624eb5439fae54a06edb389feb5a0cf79cb01ae007af51109335d198"
"md","status-view","bmm","bmm/plan/bmad-sprint-planning/references/status-view.md","c3547e221ebf6e55c874e2ada3e8c18198835213c76f0bb2e0e64150aac355ab"
"md","step-01-clarify-and-route","bmm","bmm/ship/bmad-build/step-01-clarify-and-route.md","1e8095b08e9e9c57d9b24678b524e07d0b6bbb5af72ba213622f12a1c7d909cc"
"md","step-01-clarify-and-route","bmm","bmm/ship/bmad-build-auto/step-01-clarify-and-route.md","50674ecef3b4b7a26b993685c9a79ccd87b00b2255d51b6b9c13ed32aa6d1ffa"
"md","step-01-gather-context","bmm","bmm/ship/bmad-code-review/steps/step-01-gather-context.md","51941fd52406cf075ac9172cdcbeebefe85df91ea818ad8ec723724de67a1831"
"md","step-01-orientation","bmm","bmm/ship/bmad-walkthrough/step-01-orientation.md","d9e3b949c36d49a025f3535773af2b51888fe4ce616b6d6d69683a122716b1d2"
"md","step-01-validate-prerequisites","bmm","bmm/plan/bmad-create-epics-and-stories/steps/step-01-validate-prerequisites.md","7181608c1ee4e55c084c6627d68fc55a8a0b6917e489f8ac77531a0530428a30"
"md","step-02-design-epics","bmm","bmm/plan/bmad-create-epics-and-stories/steps/step-02-design-epics.md","7c66987808c1f84e853fe54b7aff26d209196d450b5644704110f124a15179bc"
"md","step-02-plan","bmm","bmm/ship/bmad-build/step-02-plan.md","5c999430f818f58fc5e4f64309a1b0f81358ce0ddcfbd3f44b25d56279ef25d8"
"md","step-02-plan","bmm","bmm/ship/bmad-build-auto/step-02-plan.md","a08e303c10f88dbfce88c55044757ec5059afe338793eb414e1ddb0b7c324625"
"md","step-02-review","bmm","bmm/ship/bmad-code-review/steps/step-02-review.md","f2b8e654cf595746656d9861c4ac722f65b02939c53900f4f6d8b24988b2155a"
"md","step-02-walkthrough","bmm","bmm/ship/bmad-walkthrough/step-02-walkthrough.md","66cf893f8f968ee81034e9ccd8c20415692c3a8c23a9a143c2245fe6c800acdc"
"md","step-03-create-stories","bmm","bmm/plan/bmad-create-epics-and-stories/steps/step-03-create-stories.md","c5b787a82e4e49ed9cd9c028321ee1689f32b8cd69d89eea609b37cd3d481afc"
"md","step-03-detail-pass","bmm","bmm/ship/bmad-walkthrough/step-03-detail-pass.md","d48163b9f305f15af57729a8443142e47beb6c3e977554afe12b39ee49cb9fc0"
"md","step-03-implement","bmm","bmm/ship/bmad-build/step-03-implement.md","15fd02d2f655d4102c515134ed6aa40cd055bd9d811e49d529512f8f36d09b03"
"md","step-03-implement","bmm","bmm/ship/bmad-build-auto/step-03-implement.md","0dc9c9634eca148baaec03e7d154840a14101f92492b7ab469625bf13b4e2ab5"
"md","step-03-triage","bmm","bmm/ship/bmad-code-review/steps/step-03-triage.md","337ac3ad2cd8cabb34f4e47c8778cfd703f919753573dd9d708b7218fd5de684"
"md","step-04-final-validation","bmm","bmm/plan/bmad-create-epics-and-stories/steps/step-04-final-validation.md","0440ee43eadb39780f0647c27b2e8af5c153e68c9a33350dc9203bf81f388513"
"md","step-04-present","bmm","bmm/ship/bmad-code-review/steps/step-04-present.md","a9619f7df9b9112c0e42ee71a362f73dfa38ef6dff7b403975dbd6d2480a8d9f"
"md","step-04-review","bmm","bmm/ship/bmad-build/step-04-review.md","f6b3f3fa5d3af0b324db2efee9351d4c348bdc0dfa4dad6c058eb4fd37921333"
"md","step-04-review","bmm","bmm/ship/bmad-build-auto/step-04-review.md","c5530c50c89f197720275b83466b382f896fa27a0bba30d4b75c6af162148cdf"
"md","step-04-testing","bmm","bmm/ship/bmad-walkthrough/step-04-testing.md","28a56e868968ea2d18add0df8c4bccced0f94b698e218df3d45ddac072ce369c"
"md","step-05-present","bmm","bmm/ship/bmad-build/step-05-present.md","551e0847e2ebb64575180a5dacca5786b9b9d7825dcd986e1b3b58442eaf713a"
"md","step-05-wrapup","bmm","bmm/ship/bmad-walkthrough/step-05-wrapup.md","5bfe0f9240ae073f1b5c843d172c11e76cbe6067e8df414ea6a338c81f113f5d"
"md","step-oneshot","bmm","bmm/ship/bmad-build/step-oneshot.md","241fa52e227c048a5d8e4428bef0f153267475f697640899deb218b58ebfd378"
"md","stories-schema","bmm","bmm/plan/bmad-spec/assets/stories-schema.md","4f8137c00e2710288354a4466d1cfb90704f4b2a04bd3b63924218fd589cc6a9"
"md","sync-sprint-status","bmm","bmm/ship/bmad-build/sync-sprint-status.md","7ff44d21f5d813f4993780271eec8df2fce1373f525ff80e595b7c10618c4c36"
"md","team-discussion","bmm","bmm/ship/bmad-retrospective/references/team-discussion.md","a9c504c436038c7e47d08322413aa3c213d2859b36ae30e873cb8c60fd9e008e"
"md","template","bmm","bmm/plan/bmad-project-context/references/template.md","5e2bc291e734a481fd2925877adfbe82b03313f300baf67dfdb6fa22a1181601"
"md","validate","bmm","bmm/plan/bmad-prd/references/validate.md","19b2fa66d58cb4fef3d920cd09c81f8add4ee44dd4191bec87eaba84c2093338"
"md","validate","bmm","bmm/plan/bmad-sprint-planning/references/validate.md","ac680fa0a0f945a9bc0fc89ca709b2a8e6bc3b2617cd0d3d730378c4b5edd86d"
"md","validate","bmm","bmm/plan/bmad-ux/references/validate.md","7c2189d9ac1585d9408b6ed0346ba564869e7db89dba8f81044db3431cfcee65"
"md","verdict","bmm","bmm/plan/bmad-prfaq/references/verdict.md","c962ce2c97e824cb53dae70c898153ffac3ea56b56565012ca2b96bb21c9618c"
"md","verification-gap","bmm","bmm/ship/bmad-build/review-prompts/verification-gap.md","45ab0b8c4c56c5c055c97a293a8591a67e256d0b1a2058ce1f093cd866be8d03"
"md","verification-gap","bmm","bmm/ship/bmad-build-auto/review-prompts/verification-gap.md","45ab0b8c4c56c5c055c97a293a8591a67e256d0b1a2058ce1f093cd866be8d03"
"md","verification-gap","bmm","bmm/ship/bmad-code-review/review-prompts/verification-gap.md","06f6184d7d94c808970d0146cdc4585dfd66b94a7b7ab2988277fb6fc4208508"
"md","web-researcher","bmm","bmm/plan/bmad-prfaq/agents/web-researcher.md","6e9127bb9bd3e4b15c701e4ced9eef328769262cd34eadc221bebe954c1f3aef"
"md","workflow","bmm","bmm/ship/bmad-build/workflow.md","481ff00ef349a9c7845feca02bbfd5722b1e318ccabac858355da6c90c2d8a39"
"md","workflow","bmm","bmm/ship/bmad-build-auto/workflow.md","611f429206029a903ec9433ccdfd9b186fbafc6dc95da0a21fbcdf5965ad25ea"
"py","git_evidence","bmm","bmm/ship/bmad-retrospective/scripts/git_evidence.py","6e08688d2943217b61e784c7df3508aa1502d7cecf53ea7cd530944c431c91b6"
"py","lint_spine","bmm","bmm/plan/bmad-architecture/scripts/lint_spine.py","040e0f1c13d31e6a21c518df943d1d7de7b75d8d98a07603b0983f3f3fb500db"
"py","sprint_plan","bmm","bmm/plan/bmad-sprint-planning/scripts/sprint_plan.py","4c30f62c261599fc1da3fd319ea6ce5092aa0332221cedee1763a1040627e6bc"
"py","sprint_status","bmm","bmm/ship/bmad-retrospective/scripts/sprint_status.py","a697eecd53cd9177657aee4cfdb2eab06d7d81f3e855b096cfe0482a74c50ebe"
"py","test_git_evidence","bmm","bmm/ship/bmad-retrospective/scripts/tests/test_git_evidence.py","0abfc8fad338830fc2db656d3ccc500631b0ea7a2ab87d853c13a6bbd46ff13c"
"py","test_lint_spine","bmm","bmm/plan/bmad-architecture/scripts/tests/test_lint_spine.py","e86bb9a62c5cca74ddc89c843386f2b992610fcc1792d40e03bc9cd445b77681"
"py","test_sprint_plan","bmm","bmm/plan/bmad-sprint-planning/scripts/tests/test_sprint_plan.py","f1c3b640e156946b0a234e233807b2a3983cb0d3f2d13dbb9830fbe0c67e5238"
"py","test_sprint_status","bmm","bmm/ship/bmad-retrospective/scripts/tests/test_sprint_status.py","23da16cca54904a256fcf88fd8f912c3f6091ea343768c241bbd2aeebbca2af3"
"pyc","sprint_plan.cpython-311","bmm","bmm/plan/bmad-sprint-planning/scripts/__pycache__/sprint_plan.cpython-311.pyc","0fe1a96a2b46fc9aaa10576b23f99908f8b292c62b69c981f64c4dc43a9ddc16"
"pyc","sprint_status.cpython-311","bmm","bmm/ship/bmad-retrospective/scripts/__pycache__/sprint_status.cpython-311.pyc","d4eb873a77a385739b2679f123fe3c0410af6b364d03ede66f8c39b579ae9cde"
"pyc","test_git_evidence.cpython-311-pytest-9.1.1","bmm","bmm/ship/bmad-retrospective/scripts/tests/__pycache__/test_git_evidence.cpython-311-pytest-9.1.1.pyc","8a93816fef76406fa332567f7b522e98ad8efcb0e3913f2466b763828bef5d85"
"pyc","test_sprint_plan.cpython-311-pytest-9.1.1","bmm","bmm/plan/bmad-sprint-planning/scripts/tests/__pycache__/test_sprint_plan.cpython-311-pytest-9.1.1.pyc","47bb2cab5ed1bd3b8eff04d263bd89ec93aff7b8bb1be751bc4df4dcbdbb281d"
"pyc","test_sprint_status.cpython-311-pytest-9.1.1","bmm","bmm/ship/bmad-retrospective/scripts/tests/__pycache__/test_sprint_status.cpython-311-pytest-9.1.1.pyc","1cd4f09e6d489efa47bb7cf6e2f1ba735153a2573a1b6385b7311288eff57370"
"toml","customize","bmm","bmm/agents/bmad-agent-analyst/customize.toml","d6e2c5c660e8900866298961266a0b1c189c8643f2c1c9da602101e9f98d3388"
"toml","customize","bmm","bmm/agents/bmad-agent-architect/customize.toml","bd0ebb48faeab1e6f709d0291a13d33003484a597ed2b9c90f221b2345513b06"
"toml","customize","bmm","bmm/agents/bmad-agent-dev/customize.toml","ab52d8840427e10d5956b592c34e63edc77ebdafd7b54ce60da11cf67ed72ced"
"toml","customize","bmm","bmm/agents/bmad-agent-pm/customize.toml","4613c72cfe3bc3143bd50c5732bce464c21c7266fe7dd930bc659c54e7315b39"
"toml","customize","bmm","bmm/agents/bmad-agent-ux-designer/customize.toml","4acd1d9cdbf4a4328c389229ea9e9f2885d0692f8e10e3d9456da45844337c2c"
"toml","customize","bmm","bmm/plan/bmad-architecture/customize.toml","e9c5f75bd6605199f3908d6a1f013d6b42fb12b6f35c9a5e13a44f7f872b7b79"
"toml","customize","bmm","bmm/plan/bmad-create-epics-and-stories/customize.toml","e7633a4e6e33161c7cb13034e5132d9d29f8a7031e75765d16a60724f2089557"
"toml","customize","bmm","bmm/plan/bmad-prd/customize.toml","d23707fe7ff5f5060a05b5b8bda3f170b9b1d9be61e409e9f7ae91f83572db6a"
"toml","customize","bmm","bmm/plan/bmad-prfaq/customize.toml","b764b9ea360734d681115b958d0ccd478f1b56ce0045ecd6f71311ef005d8980"
"toml","customize","bmm","bmm/plan/bmad-product-brief/customize.toml","bef95b0ab71793d214ec59ed7397a25f7253e63fad5d60570248614db6186905"
"toml","customize","bmm","bmm/plan/bmad-project-context/customize.toml","9bf8a3aa919832cd8932853da550fcaebd06a9e13c0cde453f4379d8327f9c0f"
"toml","customize","bmm","bmm/plan/bmad-spec/customize.toml","d0f1f926bed79d514f8fdbc458a1883167fb64663bf2464c40e3c50dc2dcdbea"
"toml","customize","bmm","bmm/plan/bmad-sprint-planning/customize.toml","54c7f6a8af77ff7ea6c9dbb00b515023999e011aabc802b7b328e82f505b0299"
"toml","customize","bmm","bmm/plan/bmad-ux/customize.toml","e85144ed214dc1e002ee7fc6589a0a7ef352c5f79ab4cb37a4e05ee8e245549c"
"toml","customize","bmm","bmm/ship/bmad-build/customize.toml","0ee9b033a40640420d1dc3411de7428146d00bf8c1409c9a9cfe6c1743cd53b9"
"toml","customize","bmm","bmm/ship/bmad-build-auto/customize.toml","31417a8239f213c00621bb9016c3099631ae7ef03731ce5be209a5668a5730ee"
"toml","customize","bmm","bmm/ship/bmad-code-review/customize.toml","282d9483ccb74acab1efb965ce10ebd6206a61da94da245a705a6358dbf0dc2e"
"toml","customize","bmm","bmm/ship/bmad-correct-course/customize.toml","9990c3d4a1aa90a207f7e3380a7a48a5c9c005702194f63c6a959a4b1a18586f"
"toml","customize","bmm","bmm/ship/bmad-qa-generate-e2e-tests/customize.toml","4fbbd9d96e5af24ae012d33e59582b88867e8203dcd5a29f0d46b42ef6d747b8"
"toml","customize","bmm","bmm/ship/bmad-retrospective/customize.toml","33ce7da5bad6dfe1791218d8d607b749f9b58586b232df7ea0d3263ec50ec466"
"toml","customize","bmm","bmm/ship/bmad-walkthrough/customize.toml","2a4b14c5b25729a2d8fa9d9762ab3f12ac9429cfc6bd31fd80a81d86eed98630"
"yaml","config","bmm","bmm/config.yaml","360f400f51c369fbd20b5b7faae2adc64a3e4bc33eb7dc1d73b9283c8ee7da6e"
"yaml","sprint-status-template","bmm","bmm/plan/bmad-sprint-planning/sprint-status-template.yaml","64b1a937e1fe03b8b8d158e3b1caeb89e7d51692a56c16038e2af091decc553a"
"yaml","sprint-status-template","bmm","bmm/ship/bmad-retrospective/scripts/tests/fixtures/sprint-status-template.yaml","64b1a937e1fe03b8b8d158e3b1caeb89e7d51692a56c16038e2af091decc553a"
"toml","config","config.toml","config.toml","44f231bf60f039ac8414ff37b8689114194005849733550fcc27fc7fe2f1846d"
"toml","config.user","config.user.toml","config.user.toml","e4d07ffb7fc7005e093dab1e005640e09336a5f1a9903aa9b2aaabee2b19dbe6"
"csv","brain-methods","core","core/bmad-brainstorming/assets/brain-methods.csv","fff112eabca1a9cb8b190f8314bc47678becc5782a2372e11c83daa0e33b6dfd"
"csv","methods","core","core/bmad-advanced-elicitation/assets/methods.csv","d110ff5f076fb9421552b83692fde2c2d367734049169c7a55f7267a3dc7ef89"
"csv","module-help","core","core/module-help.csv","38846d71f87159345d6a6256a170c142fb3f53d9cf9c258c9ee6f26bd88a86c7"
"html","brain-selector","core","core/bmad-brainstorming/assets/brain-selector.html","c110919a3366bd96061f050f98503e3586185e3d1df5ff8b62a5a046c571a436"
"json","brain-icons","core","core/bmad-brainstorming/assets/brain-icons.json","a101c56e89f1d0f9e4131dfdfc19e10c746e3a61c3f92537d04a6f4897b7d331"
"md","academic-lit","core","core/bmad-deep-recon/types/academic-lit.md","514b0b7b1184cb95363dedeb0c2298a9bf5c430c74146fe2114f31780fadb325"
"md","competitive","core","core/bmad-deep-recon/types/competitive.md","39b53df87d295fdc4388719fcdf31ad2221e64afc136e669207f46d2727a3aec"
"md","converge","core","core/bmad-brainstorming/references/converge.md","1528c32ddc64f8061fec663306f7208d2fd4d4a90e660552b8138bda7e452dc0"
"md","create-party","core","core/bmad-party-mode/references/create-party.md","fb516cf4e66b2c94519b9bb80cf7bd966fee285549c773b402400bff664a2aab"
"md","domain","core","core/bmad-deep-recon/types/domain.md","3a34b2e62c3589f8c8d01158357ee9fba32648c9fdfe70035bb3ca971862896b"
"md","draft","core","core/bmad-deep-recon/references/draft.md","ac19b33a00ca529c3281df6076f87a833a3b11fc30915ca2c6e7590f7986b90e"
"md","editorial-common","core","core/bmad-review/references/editorial-common.md","f0cdc72ea345b2c5dc3001477b3dfcc909ca11b78f7db8865b6763d18ffc66c8"
"md","finalize","core","core/bmad-brainstorming/references/finalize.md","b6074e7fb4d86ffcf899abc50b9049b4a1f6fe550917f4be7a1c7a888477e07e"
"md","finalize","core","core/bmad-deep-recon/references/finalize.md","d2ba4bee615dfbca6e7725179fb5ebd856dd34a54ba3f306e25255dfd7b1d126"
"md","headless","core","core/bmad-brainstorming/references/headless.md","b8ea5951199cff7e4813e06aef35683ca0658230fa015e358cacc466b1138a42"
"md","html-briefing","core","core/bmad-deep-recon/references/html-briefing.md","cd3a88c1a5505fa7f1b715afc3adb34f3d64ade66f4c6b49a59f7e8cfcbe38d4"
"md","in-chat-techniques","core","core/bmad-brainstorming/references/in-chat-techniques.md","18239464e3e4f00ea9063d015d26d6b0a696b72e7e3c5be92352da6db9a3f244"
"md","lens-adversarial","core","core/bmad-review/references/lens-adversarial.md","7c5ce97ab2f3ecb96ceb6aa76417f68c1b7df535edd3cc51666d8e1216e6e557"
"md","lens-edge-case-hunter","core","core/bmad-review/references/lens-edge-case-hunter.md","5f0c4778d7b393d11156af8c1bd9bf88aafeb9d50fff5f460ca67df50d927e7d"
"md","lens-prose","core","core/bmad-review/references/lens-prose.md","4cbcb1eaea8567d272f5db7c6cdfd74ed5a8aae6831053cb2f01cbfc2cb98b98"
"md","lens-structure","core","core/bmad-review/references/lens-structure.md","98c08221f517133e57ef6325013935360c3365ebd7dcb8411b2050d7df507ee3"
"md","lens-verification-gap","core","core/bmad-review/references/lens-verification-gap.md","e7123d81171eeeee1b3782d13d94c2988969fe357dd71949131a5eb97803e2c6"
"md","lifecycle","core","core/bmad-deep-recon/references/lifecycle.md","2315fd9cb9223504639616b861ad593bfecb53d605efbd598ae2cf94fb6c4cdf"
"md","market","core","core/bmad-deep-recon/types/market.md","81ac04499da441857672e29fcd7169436a7e239e67194288ac0d526ec514cb5e"
"md","mode-agent-team","core","core/bmad-party-mode/references/mode-agent-team.md","def759a17f4bb45463b68fb74c2b828b0a4241720b2b6cc1c9c611a1016ae9d7"
"md","mode-auto","core","core/bmad-party-mode/references/mode-auto.md","a37fd24f76dfcde385890d5c5947bb6f40ca44bea86c805d267b6ae3aab39f70"
"md","mode-autonomous","core","core/bmad-brainstorming/references/mode-autonomous.md","d815d2c7f0f8cc0cdfa7c619eaf61f59fd78142f13c69365eda257da38b97bdf"
"md","mode-facilitator","core","core/bmad-brainstorming/references/mode-facilitator.md","1b908498d285d190859aed00c3ba5b399d7f6aa8e94d54e95456d15cd6fe6073"
"md","mode-partner","core","core/bmad-brainstorming/references/mode-partner.md","caa0ed378c116def4de382f4e5a95173c6ae6cc5464f1792e7d8196360f79c8a"
"md","mode-subagent","core","core/bmad-party-mode/references/mode-subagent.md","86161b24a0b13b8f9cb9309042e4249d8caefff8cc33728b084cd2ec22f9d2e1"
"md","party-memory","core","core/bmad-party-mode/references/party-memory.md","800b4b4b920bb881a7b32aaabca8559a98273799b2476d83a23e290e301fb315"
"md","process","core","core/bmad-deep-recon/references/process.md","9017d04774807a29103ea97331e555e2793f90098af65752b72f3ee09df85906"
"md","README","core","core/v6-shims/README.md","017900bb03baeddc0262041a6aa85bce744e8c45991dcde32ef042f9bc2a32b2"
"md","research.template","core","core/bmad-deep-recon/assets/research.template.md","87d7cfa85fa5036b5a309b7bfb88f7934f50bb81f3cff02d2b49b4c7345cfc38"
"md","resume","core","core/bmad-brainstorming/references/resume.md","0f79535d72eefe6c55bd5ae47fe4753de8d27235cf129f10b2c596a124c26526"
"md","run","core","core/bmad-deep-recon/references/run.md","8e259dc88820ac989c79620af5c37e24f00df21ac4af308ce3563c0e66c9406c"
"md","selection","core","core/bmad-deep-recon/references/selection.md","2b488c08f9550afe7fda32c2dc5d4591927afd7b9ad507fcce0ae8593c4b9d31"
"md","SKILL","core","core/bmad-advanced-elicitation/SKILL.md","d38cb53f1c7c77f13664c340026a1a4932ae1ca5a24471eebaeb172b88c7942f"
"md","SKILL","core","core/bmad-brainstorming/SKILL.md","2657a2088329651fd06f030e61997fc9f21986588d65ce96f14043af14d8534e"
"md","SKILL","core","core/bmad-customize/SKILL.md","ef42ffe69d1758ee12f22d6c143262926f715dd13fecb874c8a5971916d41598"
"md","SKILL","core","core/bmad-deep-recon/SKILL.md","e6de27d7c037e2951c5684d976186f6772cc724279af4b3cac05e21c42156db5"
"md","SKILL","core","core/bmad-forge-idea/SKILL.md","e44d0008db0c0b30f3fa533e987efe66b2c852530b70fed03f0d4d9cbabe2b4b"
"md","SKILL","core","core/bmad-help/SKILL.md","72573fbbd205cab6119015b7a20951055c7f1f583162674ebed7a68368dc889c"
"md","SKILL","core","core/bmad-party-mode/SKILL.md","7bf82a11627595762244c969cdcc836869c935c5aa99a7c5ec5657581c1f4dd0"
"md","SKILL","core","core/bmad-review/SKILL.md","c571dd7d3aa75f3b40749cf9db352c5e76244de22139cfb13c26629d28be1fa7"
"md","structure-models","core","core/bmad-review/references/structure-models.md","f84f85070e1af75f2482757aba9d37d69d805a20826d185527e598f2ba6b9292"
"md","synthesis","core","core/bmad-deep-recon/references/synthesis.md","4d9ef1247ab45241f919010e94c99699abc0a6e18b5bd68fa93ae54afe59d172"
"md","technical","core","core/bmad-deep-recon/types/technical.md","55f71428c70547b89d67ef0c6cdad59caeb0ee21082cd1230c05618ba8d04707"
"md","user-voice","core","core/bmad-deep-recon/types/user-voice.md","1831ce46e53e8c68244d28e336c5ef9e53e64f21a00b74a817b9b2924c1e8e72"
"md","verification","core","core/bmad-deep-recon/references/verification.md","0393ded4828fec69a4819d7236827910d641d09c3b61144c0211a9a78776fdd2"
"py","brain","core","core/bmad-brainstorming/scripts/brain.py","f81b28fe590f607b95c7218a7cdd6fb6eb91d3a76b9671acf54bcaf36fd4e6ca"
"py","list_customizable_skills","core","core/bmad-customize/scripts/list_customizable_skills.py","8787f542930b927789e7fdf12bc5a67ff08e19865903a5ad05ff2cc8fc426b66"
"py","pick_methods","core","core/bmad-advanced-elicitation/scripts/pick_methods.py","60020ec4767894ea3d8707c4b61e78b679d434315be1dd29154bf64d88126fff"
"py","recon_kit","core","core/bmad-deep-recon/scripts/recon_kit.py","8cb5187b5114b779532907383a013d40fdea1022bb9bed9a23bd8d0fdfa79e8c"
"py","resolve_party","core","core/bmad-party-mode/scripts/resolve_party.py","349d911a194d844e6d885ba8afd9296d7dba6dc87b4071534b31da17ae8ab796"
"py","resolve_personas","core","core/bmad-forge-idea/scripts/resolve_personas.py","9273c71595d6317e0a1035b1a632a47a8943379797d0a4db0d2842e5787c31cc"
"py","test_brain","core","core/bmad-brainstorming/scripts/tests/test_brain.py","b219da8e5e3ccd4ebae95fb02bc5683d6b62593d71db75a712adc7a1b9017bc3"
"py","test_list_customizable_skills","core","core/bmad-customize/scripts/tests/test_list_customizable_skills.py","24c3d384b3b5d490b7335c17866bfe0425af253ce669c32382fa88feb705934d"
"py","test_pick_methods","core","core/bmad-advanced-elicitation/scripts/tests/test_pick_methods.py","610099d8494529f9203d7262567810b500552bcef006b3b6388d58da3da71978"
"py","test_recon_kit","core","core/bmad-deep-recon/scripts/tests/test_recon_kit.py","1b4ddf482dd2d11a214ee2f821c35d7a8c41905b5d8d9cc69a293304bb8a1665"
"py","test_resolve_party","core","core/bmad-party-mode/scripts/tests/test_resolve_party.py","9cc25d2bff884f08517abfbebb7054d43804dc48e650c5c5f7c0618ce231413f"
"py","test_resolve_personas","core","core/bmad-forge-idea/scripts/tests/test_resolve_personas.py","f8d040801d53e48c1aec147d1e28c5b279e459f49ea1fd1673dbd7e340022a99"
"py","test_word_metrics","core","core/bmad-review/scripts/tests/test_word_metrics.py","3b5a285d3c9f611b3cda8c9c1d52d6b214c1f72e6e64a94ea5b0e220db5a8765"
"py","word_metrics","core","core/bmad-review/scripts/word_metrics.py","fb45007a7f3cfc18d13ee8bd4787facdaae297570193bc769456297dd33da78b"
"toml","customize","core","core/bmad-advanced-elicitation/customize.toml","735a276edd51786ccfd2c3417d9a2b9dee4244a6102698981b3888f68d979ed9"
"toml","customize","core","core/bmad-brainstorming/customize.toml","313c3b348473cd40ba02ceae4b299c617300af78debb2f5585c8d3941cc2d8d3"
"toml","customize","core","core/bmad-deep-recon/customize.toml","24d1383066034fd4fcf282279aaf0d29d21910fd1247dfe3dbad74a70e78814d"
"toml","customize","core","core/bmad-forge-idea/customize.toml","839f57b89c8b04038fa795525f55799ee5c23431b17d429fe668880e78399ef2"
"toml","customize","core","core/bmad-party-mode/customize.toml","332aca1a85a681ff38a78850deb552e954d6a7d0b32f8d22caf9b2b2324b4e24"
"toml","customize","core","core/bmad-review/customize.toml","005dde84f09c0b1ab0ef0ee87f1ed1985922c893089cc3595157611fb83b3ebd"
"yaml","config","core","core/config.yaml","0df329a8d175f921b6b95bf99eb8f90bfcfca1e9d3aede8c2011a8374702bb68"
"file",".gitignore","custom","custom/.gitignore","973b03a33f142c22cf9b65be285bebadd85790b6b55be04637d2f8c716f58fab"
"csv","module-help","l3io-arch","l3io-arch/l3io-arch-review/assets/module-help.csv","fbb3ead522478760daa148a5acc6c38e43f3279703df0fb04b82a18f611834b3"
"csv","module-help","l3io-arch","l3io-arch/module-help.csv","ca2ce0b9f1c33134d5f50f4edc639e2c63b0a8947a33980fefa82adb6f6c5e25"
"json","payload-manifest","l3io-arch","l3io-arch/l3io-arch-review/payload-manifest.json","d024a11dfe90751ef0f58fa5b36b791cc1a4e027a400670c400f78de26d6d7dd"
"md","adr-template","l3io-arch","l3io-arch/l3io-arch-review/assets/adr-template.md","dfa9baf138b236303512aead42377e880fbdd00641b7cda1d974b47e785103cc"
"md","config-resolution","l3io-arch","l3io-arch/l3io-arch-review/references/config-resolution.md","db1ac9c41bb785c786663c1207f03b19451b399bb9577ef761216b5392182fd7"
"md","customize-architect","l3io-arch","l3io-arch/l3io-arch-review/assets/customize-architect.md","d6486570f41bdd73825ccf2b3787f31518d22ad350cea8c32f4f715f60e232fc"
"md","module-setup","l3io-arch","l3io-arch/l3io-arch-review/assets/module-setup.md","6a183e230bb6e86ee8dcb4e9c4804dd9f99883de02e4fca4031f3500848a4048"
"md","review-report","l3io-arch","l3io-arch/l3io-arch-review/references/review-report.md","1d66983684e5104811ed3a75acf349498da8b43847a70161c4147ce7b4e1bc27"
"md","SKILL","l3io-arch","l3io-arch/l3io-arch-review/SKILL.md","e5aaecd9de73f33562cf63469d6b02cba806b8bdff1724448ab7c1810008f033"
"md","standards-core","l3io-arch","l3io-arch/l3io-arch-review/references/standards-core.md","89a51a4a3076413fc2ea663c89c297a6abee1e78b9d71c753c03807e932a18e1"
"md","standards-docker","l3io-arch","l3io-arch/l3io-arch-review/references/standards-docker.md","d0e86156bcb671035d935006fedcc1d5eaa9026af80223ee0b759e39ee8f42c3"
"md","standards-dotnet","l3io-arch","l3io-arch/l3io-arch-review/references/standards-dotnet.md","13b1e8f9e4616f2736c7700d71f9172bfcdc6a87e69b851cf0d96ab9e23971e4"
"md","standards-github-actions","l3io-arch","l3io-arch/l3io-arch-review/references/standards-github-actions.md","8bb34bbbd24a274fb45d50ed94f2efaac41d2c9344c9c13bc62ad6ecf6b57467"
"md","standards-nodejs","l3io-arch","l3io-arch/l3io-arch-review/references/standards-nodejs.md","79ad1b76ecda53f1475eb02b115a5bae037744cc3c51223203666fd70de7b94d"
"md","standards-powershell","l3io-arch","l3io-arch/l3io-arch-review/references/standards-powershell.md","7dcc46f5b304e244beb8dca04884d294971a0221ec15fd04ab0960f3f7ebaf29"
"md","standards-python","l3io-arch","l3io-arch/l3io-arch-review/references/standards-python.md","b6c0c020d18fde60f5fac87202b29d9cb10fe6e6db47e87898a66c94a29b4261"
"md","standards-shell","l3io-arch","l3io-arch/l3io-arch-review/references/standards-shell.md","6d0353454beb75ac2379ce15495bbea12489f17854634cd008032ffa8bf51c4d"
"py","write-module-config","l3io-arch","l3io-arch/l3io-arch-review/scripts/write-module-config.py","fdc0e81cda51221599907b9023a096b0570e096b7d921fb0c1db2050afa7a80f"
"toml","customize","l3io-arch","l3io-arch/l3io-arch-review/customize.toml","74d4c0bdccfd9a2c1fcece3bbb5e801ca6be7ee97a01df2419578825fd97e17c"
"yaml","config","l3io-arch","l3io-arch/config.yaml","3518ea41df8e087b0d1751f5f048be1d2184fb28aaba9d124792c32f905d41ef"
"csv","module-help","l3io-pm","l3io-pm/l3io-pm-execute/assets/module-help.csv","c8bb728dacfa73a79f94dff99cac704a0210a1bcb96ff7b3ccc2f7086bdbdf90"
"csv","module-help","l3io-pm","l3io-pm/l3io-pm-plan/assets/module-help.csv","3825392a8cc76aa24e2152d17d56f9485dfbc8ad40cd2a4ddcea7e97a4f79455"
"csv","module-help","l3io-pm","l3io-pm/l3io-pm-help/assets/module-help.csv","797ef66099daf09aa5b6732aec0d6696eb1a639347048ac222804b11c8c313ae"
"csv","module-help","l3io-pm","l3io-pm/l3io-pm-sync/assets/module-help.csv","4f43229f9c96402bae6dd19016df1758e57fe089a8cc76b8d1a26fa17202ecc4"
"csv","module-help","l3io-pm","l3io-pm/module-help.csv","fcdda045d373edb505576061df09835a489d68507c0d27722733c5720f839af4"
"json","payload-manifest","l3io-pm","l3io-pm/l3io-pm-execute/payload-manifest.json","e0c0634f53e49fbf560748784a5595e618c62653f6aa2b1fff15e8c3713db906"
"json","payload-manifest","l3io-pm","l3io-pm/l3io-pm-plan/payload-manifest.json","970a7b6b6c765165acb7a81c2dad272a2a547d3d16af34a81cefdb2ac3573b18"
"json","payload-manifest","l3io-pm","l3io-pm/l3io-pm-help/payload-manifest.json","d024a11dfe90751ef0f58fa5b36b791cc1a4e027a400670c400f78de26d6d7dd"
"json","payload-manifest","l3io-pm","l3io-pm/l3io-pm-sync/payload-manifest.json","30a79079121a02520c72653029e1ed654b5518064bd153812736f821f94c84e7"
"md","calibration-model","l3io-pm","l3io-pm/l3io-pm-execute/references/calibration-model.md","63b15a5c4552d6be78d90ec886ff0a1d581af9440bcff3b87b12ef1e1d01af0f"
"md","calibration-model","l3io-pm","l3io-pm/l3io-pm-plan/references/calibration-model.md","63b15a5c4552d6be78d90ec886ff0a1d581af9440bcff3b87b12ef1e1d01af0f"
"md","calibration-model","l3io-pm","l3io-pm/l3io-pm-sync/references/calibration-model.md","63b15a5c4552d6be78d90ec886ff0a1d581af9440bcff3b87b12ef1e1d01af0f"
"md","config-resolution","l3io-pm","l3io-pm/l3io-pm-execute/references/config-resolution.md","db1ac9c41bb785c786663c1207f03b19451b399bb9577ef761216b5392182fd7"
"md","config-resolution","l3io-pm","l3io-pm/l3io-pm-plan/references/config-resolution.md","db1ac9c41bb785c786663c1207f03b19451b399bb9577ef761216b5392182fd7"
"md","config-resolution","l3io-pm","l3io-pm/l3io-pm-help/references/config-resolution.md","db1ac9c41bb785c786663c1207f03b19451b399bb9577ef761216b5392182fd7"
"md","config-resolution","l3io-pm","l3io-pm/l3io-pm-sync/references/config-resolution.md","db1ac9c41bb785c786663c1207f03b19451b399bb9577ef761216b5392182fd7"
"md","epic-closure","l3io-pm","l3io-pm/l3io-pm-execute/steps/closure/epic-closure.md","c2b0361ecbb056632fa979007a413aec6a61be3456439d836f4fb1c8b004b04e"
"md","metrics-contract","l3io-pm","l3io-pm/l3io-pm-execute/references/metrics-contract.md","7c746f1d30c2b723c2f153aa9cc3f09322f140fc8682a0785a065fa0e9a92c0e"
"md","metrics-contract","l3io-pm","l3io-pm/l3io-pm-plan/references/metrics-contract.md","7c746f1d30c2b723c2f153aa9cc3f09322f140fc8682a0785a065fa0e9a92c0e"
"md","metrics-contract","l3io-pm","l3io-pm/l3io-pm-sync/references/metrics-contract.md","7c746f1d30c2b723c2f153aa9cc3f09322f140fc8682a0785a065fa0e9a92c0e"
"md","module-setup","l3io-pm","l3io-pm/l3io-pm-execute/assets/module-setup.md","6a183e230bb6e86ee8dcb4e9c4804dd9f99883de02e4fca4031f3500848a4048"
"md","module-setup","l3io-pm","l3io-pm/l3io-pm-plan/assets/module-setup.md","6a183e230bb6e86ee8dcb4e9c4804dd9f99883de02e4fca4031f3500848a4048"
"md","module-setup","l3io-pm","l3io-pm/l3io-pm-help/assets/module-setup.md","6a183e230bb6e86ee8dcb4e9c4804dd9f99883de02e4fca4031f3500848a4048"
"md","module-setup","l3io-pm","l3io-pm/l3io-pm-sync/assets/module-setup.md","6a183e230bb6e86ee8dcb4e9c4804dd9f99883de02e4fca4031f3500848a4048"
"md","SKILL","l3io-pm","l3io-pm/l3io-pm-execute/SKILL.md","77b5665695d68bd2ac4e1a5a9ec96937fec6b9e1f537279c2c83ef8a4335d790"
"md","SKILL","l3io-pm","l3io-pm/l3io-pm-plan/SKILL.md","b8348201711b9f4c3866dbc33bbc6bc780c09a8d29126c719fd73a8c440dfd0d"
"md","SKILL","l3io-pm","l3io-pm/l3io-pm-help/SKILL.md","835066ee28cc08e6db3089cd959c0bcbcc1d732977b2adbfd04e96e2a6d54220"
"md","SKILL","l3io-pm","l3io-pm/l3io-pm-sync/SKILL.md","0da8d1bdb11fed03304b7ff285fe7622270cd3336abdf2bfb01ad5aaaeee7edd"
"md","sprint-closure","l3io-pm","l3io-pm/l3io-pm-execute/steps/closure/sprint-closure.md","bea42bcb8aafc2f87996842e745fa3eaf9e56391d30cf1591097dcb405bce977"
"md","status-files","l3io-pm","l3io-pm/l3io-pm-execute/references/status-files.md","395a418d5407a19de24d6bbc11beef17abcf79366e4d69c2af14abec6ebe78bc"
"md","status-files","l3io-pm","l3io-pm/l3io-pm-plan/references/status-files.md","395a418d5407a19de24d6bbc11beef17abcf79366e4d69c2af14abec6ebe78bc"
"md","status-files","l3io-pm","l3io-pm/l3io-pm-sync/references/status-files.md","395a418d5407a19de24d6bbc11beef17abcf79366e4d69c2af14abec6ebe78bc"
"md","step-00-activate","l3io-pm","l3io-pm/l3io-pm-execute/steps/shared/step-00-activate.md","d4d11f71f61ff8b455ed7bccbc85af51c6af6e74d90caf2485542c95e4a96330"
"md","step-00-activate","l3io-pm","l3io-pm/l3io-pm-plan/steps/shared/step-00-activate.md","d4d11f71f61ff8b455ed7bccbc85af51c6af6e74d90caf2485542c95e4a96330"
"md","step-00-activate","l3io-pm","l3io-pm/l3io-pm-sync/steps/shared/step-00-activate.md","d4d11f71f61ff8b455ed7bccbc85af51c6af6e74d90caf2485542c95e4a96330"
"md","step-00-digest","l3io-pm","l3io-pm/l3io-pm-execute/steps/shared/step-00-digest.md","dc47a7a86dc1147f66a6f5c4b9a89f79f951d5c2ac221ad9efea0db80bd5a997"
"md","step-00-digest","l3io-pm","l3io-pm/l3io-pm-plan/steps/shared/step-00-digest.md","dc47a7a86dc1147f66a6f5c4b9a89f79f951d5c2ac221ad9efea0db80bd5a997"
"md","step-00-digest","l3io-pm","l3io-pm/l3io-pm-sync/steps/shared/step-00-digest.md","dc47a7a86dc1147f66a6f5c4b9a89f79f951d5c2ac221ad9efea0db80bd5a997"
"md","step-01-classify-work","l3io-pm","l3io-pm/l3io-pm-execute/steps/shared/step-01-classify-work.md","dcd71a5e3780e24550d8c3ff98051b63f0c0a3fc75203cb1fec29f3ab9bd865f"
"md","step-01-classify-work","l3io-pm","l3io-pm/l3io-pm-plan/steps/shared/step-01-classify-work.md","dcd71a5e3780e24550d8c3ff98051b63f0c0a3fc75203cb1fec29f3ab9bd865f"
"md","step-01-classify-work","l3io-pm","l3io-pm/l3io-pm-sync/steps/shared/step-01-classify-work.md","dcd71a5e3780e24550d8c3ff98051b63f0c0a3fc75203cb1fec29f3ab9bd865f"
"md","step-02-detect-platform","l3io-pm","l3io-pm/l3io-pm-sync/steps/sync/step-02-detect-platform.md","50e1b487e3ede3db461ccc1b684838f2a31adbec36144ee86e684dd5dc3199fe"
"md","step-02-readiness-check","l3io-pm","l3io-pm/l3io-pm-plan/steps/plan/step-02-readiness-check.md","49e17b0934089a4b778600624ef97b65c53859454c93032d4827cf37b4397de3"
"md","step-02-scope-resolve","l3io-pm","l3io-pm/l3io-pm-execute/steps/execute/step-02-scope-resolve.md","c77e195e2a3d0450b490486bb2309a37e6603854ec72dd523e0f8fec933c31f9"
"md","step-02-story-prep","l3io-pm","l3io-pm/l3io-pm-execute/steps/sprint/step-02-story-prep.md","4c502dda7e20420034fd57dc1763962e189c20a44fff0207022b1c6165fa4e6d"
"md","step-03-dev-loop","l3io-pm","l3io-pm/l3io-pm-execute/steps/sprint/step-03-dev-loop.md","f55e1fffcc8ab752235232640b93cd1f771ce10d58dd7de607c02c59c640d77e"
"md","step-03-load-plan","l3io-pm","l3io-pm/l3io-pm-execute/steps/execute/step-03-load-plan.md","039dfc1a1a4caefaba0d63dabde6471582dd00a0944e6eabd88288bde3fc859c"
"md","step-03-operations","l3io-pm","l3io-pm/l3io-pm-sync/steps/sync/step-03-operations.md","6c4d10c0fcfa6d0d6991288663e331278cdf18fbfb5991efdf5376ce29d37769"
"md","step-03-story-elaboration","l3io-pm","l3io-pm/l3io-pm-plan/steps/plan/step-03-story-elaboration.md","2b875d4b1347ea6131f09199f1701b25e7959caf59c4c8260a9cb0bf788deeb9"
"md","step-04-arch-gate","l3io-pm","l3io-pm/l3io-pm-execute/steps/execute/step-04-arch-gate.md","fc31be8dee2a1d7cd291d87523bfd3730cf445c3d0a25b7b8f41ea5f0212ab00"
"md","step-04-load-state","l3io-pm","l3io-pm/l3io-pm-plan/steps/plan/step-04-load-state.md","9c621ea01d04b06a4b7ea2722f364b503d1403e7635d40aca0296cc2fb419a98"
"md","step-04-resolve","l3io-pm","l3io-pm/l3io-pm-sync/steps/sync/step-04-resolve.md","85d4544b430a4d1c54db1f6566acb10436da267a67d8b9fe0927ba3d19c10b68"
"md","step-04-sprint-closure","l3io-pm","l3io-pm/l3io-pm-execute/steps/sprint/step-04-sprint-closure.md","dd6d8061f5a635b254fa5d2791baee678d61e850674b1120f93ab044461afa60"
"md","step-05-dependency-graph","l3io-pm","l3io-pm/l3io-pm-plan/steps/plan/step-05-dependency-graph.md","431fefabcbd8295a756afd6523596dbfc6b579add43624a2409853b6fb585e26"
"md","step-05-epic-loop","l3io-pm","l3io-pm/l3io-pm-execute/steps/execute/step-05-epic-loop.md","d195f9a3058dff9851bbbc95c942a9775b0e1c4dc9b6caa8e806576399b4238f"
"md","step-06-epic-closure","l3io-pm","l3io-pm/l3io-pm-execute/steps/execute/step-06-epic-closure.md","53d3f8ceff83ca0403e49d1e52a8a50926524b6e979319511d80d6a674aa1f71"
"md","step-06-plan-output","l3io-pm","l3io-pm/l3io-pm-plan/steps/plan/step-06-plan-output.md","f28bc7f01f6a6d79dd165d9f056e535288eb473cf638090233c392a94fa595ff"
"md","step-backlog-intake","l3io-pm","l3io-pm/l3io-pm-plan/steps/plan/step-backlog-intake.md","8471f718570c5f544baad69eca73fd40e4ab4ceed601ecf9b584d27b867251d5"
"md","step-estimate","l3io-pm","l3io-pm/l3io-pm-execute/steps/shared/step-estimate.md","a52334eb26e17d6c6a69feeabcf865a7c9bd143dfac1e59876627a8b3c207764"
"md","step-estimate","l3io-pm","l3io-pm/l3io-pm-plan/steps/shared/step-estimate.md","a52334eb26e17d6c6a69feeabcf865a7c9bd143dfac1e59876627a8b3c207764"
"md","step-estimate","l3io-pm","l3io-pm/l3io-pm-sync/steps/shared/step-estimate.md","a52334eb26e17d6c6a69feeabcf865a7c9bd143dfac1e59876627a8b3c207764"
"py","detect-platform","l3io-pm","l3io-pm/l3io-pm-sync/scripts/detect-platform.py","012c3a816aa84003dd0372675fb80c36c1a4f50c76e88533823334ea37c004f5"
"py","drift-report","l3io-pm","l3io-pm/l3io-pm-sync/scripts/drift-report.py","235766b1a04cf93323b9a845e634dfe88695cd56a22ba47bae85ff2330384ad9"
"py","pm-status","l3io-pm","l3io-pm/l3io-pm-execute/scripts/pm-status.py","58304be3eff53054ce0e1fcee5ada0960ef42accca0294de510a946b3a091b8d"
"py","pm-status","l3io-pm","l3io-pm/l3io-pm-plan/scripts/pm-status.py","58304be3eff53054ce0e1fcee5ada0960ef42accca0294de510a946b3a091b8d"
"py","pm-status","l3io-pm","l3io-pm/l3io-pm-sync/scripts/pm-status.py","58304be3eff53054ce0e1fcee5ada0960ef42accca0294de510a946b3a091b8d"
"py","spec-align","l3io-pm","l3io-pm/l3io-pm-execute/scripts/spec-align.py","54e660827d75571f4757d74375cf5a48591bf39167359cc6def06aa82792ab9e"
"py","sync-state","l3io-pm","l3io-pm/l3io-pm-sync/scripts/sync-state.py","edbb03b34f18da3fb45d21d9657b0a6332b03a195640279f5dd7e3810065f242"
"py","test-drift-report","l3io-pm","l3io-pm/l3io-pm-sync/scripts/tests/test-drift-report.py","6e27b75340a52455793c76f24032bf1125bc603a1ab26becbe634cda2248d334"
"py","write-module-config","l3io-pm","l3io-pm/l3io-pm-execute/scripts/write-module-config.py","fdc0e81cda51221599907b9023a096b0570e096b7d921fb0c1db2050afa7a80f"
"py","write-module-config","l3io-pm","l3io-pm/l3io-pm-plan/scripts/write-module-config.py","fdc0e81cda51221599907b9023a096b0570e096b7d921fb0c1db2050afa7a80f"
"py","write-module-config","l3io-pm","l3io-pm/l3io-pm-help/scripts/write-module-config.py","fdc0e81cda51221599907b9023a096b0570e096b7d921fb0c1db2050afa7a80f"
"py","write-module-config","l3io-pm","l3io-pm/l3io-pm-sync/scripts/write-module-config.py","fdc0e81cda51221599907b9023a096b0570e096b7d921fb0c1db2050afa7a80f"
"toml","customize","l3io-pm","l3io-pm/l3io-pm-execute/customize.toml","bf2a348156e17268b1aa65afe79612e1617efe5db81d957d3aacfdd31a0db54c"
"toml","customize","l3io-pm","l3io-pm/l3io-pm-plan/customize.toml","d800dc09e1f23e07a1d0bf65b4bf93c68f4464f3044cd8243d0f9a340f946b25"
"toml","customize","l3io-pm","l3io-pm/l3io-pm-help/customize.toml","9d34d9bdd857995ed399b21720b6f1ebebbb533c8f39d98f0f10e7c926b3d41f"
"toml","customize","l3io-pm","l3io-pm/l3io-pm-sync/customize.toml","22566f3187dcfd50c692ce2f98763f3af059ac07882dcc2be37039da214905cd"
"yaml","config","l3io-pm","l3io-pm/config.yaml","7445b989edff648633765a76d6844fadc9b13843f7fac0ff508d7f276a8ebec4"
"yaml","sync-config-template","l3io-pm","l3io-pm/l3io-pm-sync/assets/sync-config-template.yaml","ec114daa36924580dc4e10423b955b364b0b9691bfa37e44207b606efbd9b7ba"
"csv","module-help","l3io-sec","l3io-sec/l3io-sec-redteam/assets/module-help.csv","5414f1db42d255c36c96220320bacf80a294196531a85fac983cc23f7486806e"
"csv","module-help","l3io-sec","l3io-sec/module-help.csv","e2c572a8b2729c4655ee93d75cbf869f67f88394dbef623b89e3816271a1399f"
"json","payload-manifest","l3io-sec","l3io-sec/l3io-sec-redteam/payload-manifest.json","d024a11dfe90751ef0f58fa5b36b791cc1a4e027a400670c400f78de26d6d7dd"
"md","BOND-template","l3io-sec","l3io-sec/l3io-sec-redteam/assets/BOND-template.md","24657cd8d7462a9177818fe112f7f0dce0dd05cb6020948b812f14b53dfc7fa5"
"md","CAPABILITIES-template","l3io-sec","l3io-sec/l3io-sec-redteam/assets/CAPABILITIES-template.md","4756990ba1b63b2feeb9638342146ab9a4b98c845d7b860078b9761d080d7d53"
"md","config-resolution","l3io-sec","l3io-sec/l3io-sec-redteam/references/config-resolution.md","db1ac9c41bb785c786663c1207f03b19451b399bb9577ef761216b5392182fd7"
"md","CREED-template","l3io-sec","l3io-sec/l3io-sec-redteam/assets/CREED-template.md","75ab2c56e45bc0f2fccf24ade8f84136777c18b4d6e666a8acb1edc4573c98c2"
"md","findings-report","l3io-sec","l3io-sec/l3io-sec-redteam/references/findings-report.md","1c178ff6298c649606052613185838effab861ebbcd820840529ddd0691a5a37"
"md","first-breath","l3io-sec","l3io-sec/l3io-sec-redteam/references/first-breath.md","57f9e77286541e470d461d701fb771f020a3a364ab18c56d54d8a65e9a8af99f"
"md","INDEX-template","l3io-sec","l3io-sec/l3io-sec-redteam/assets/INDEX-template.md","6832d0b8c08343827ff27600807eae52d6832d5b99ed86508ba0fa26b1ca66c3"
"md","memory-guidance","l3io-sec","l3io-sec/l3io-sec-redteam/references/memory-guidance.md","89adfee818db58556d028c8ad0dbabcdc7c2096d19ebc711453133b1d92fa1cb"
"md","MEMORY-template","l3io-sec","l3io-sec/l3io-sec-redteam/assets/MEMORY-template.md","130a1604d1befe7f09fc37383b43f38651112c12e88dae9fadfe41b8da59c076"
"md","module-setup","l3io-sec","l3io-sec/l3io-sec-redteam/assets/module-setup.md","6a183e230bb6e86ee8dcb4e9c4804dd9f99883de02e4fca4031f3500848a4048"
"md","PERSONA-template","l3io-sec","l3io-sec/l3io-sec-redteam/assets/PERSONA-template.md","5ee73cedffa46b5568a74c503b4f21ee50636cf4dca98ba94d50f9dd5118d5d2"
"md","platform-research","l3io-sec","l3io-sec/l3io-sec-redteam/references/platform-research.md","8bb5100e785ddd5443d3f818495238cdc1a178eea1aec690da3dda4e3f101f64"
"md","scope-mapping","l3io-sec","l3io-sec/l3io-sec-redteam/references/scope-mapping.md","a5af725fdb99868308bc94549deb20d994a7ffdf0f650068fc61baf4ada27bfd"
"md","SKILL","l3io-sec","l3io-sec/l3io-sec-redteam/SKILL.md","48d01a529db70a41d9e1055f674b2596c2914f42d150fb63af10facfae91479b"
"md","threat-analysis","l3io-sec","l3io-sec/l3io-sec-redteam/references/threat-analysis.md","45201fe051fe9f21d09e0416e886cf0438025823fae6d52a7c85d60252b52e2b"
"py","init-sanctum","l3io-sec","l3io-sec/l3io-sec-redteam/scripts/init-sanctum.py","6286ac483806012a7b0a8d54b9d73ef1e7ecf219acdaf79f0823420da79484db"
"py","test-init-sanctum","l3io-sec","l3io-sec/l3io-sec-redteam/scripts/tests/test-init-sanctum.py","3f2d509dfb92bd6b2ab475fe1f8db68bbabd888943d2617eecb4c89a0fb39a6b"
"py","write-module-config","l3io-sec","l3io-sec/l3io-sec-redteam/scripts/write-module-config.py","fdc0e81cda51221599907b9023a096b0570e096b7d921fb0c1db2050afa7a80f"
"toml","customize","l3io-sec","l3io-sec/l3io-sec-redteam/customize.toml","1d52f68b9b96f3b47f4fc8a3a470a6425a5efba018e0456e64d79d50ac6b854a"
"yaml","config","l3io-sec","l3io-sec/config.yaml","fcd6ef8e4e8cafbcb922d97582c0bef4495971a6996371dbef027933ea04da94"
"csv","module-help","l3io-util","l3io-util/l3io-util-doctor/assets/module-help.csv","5f3bb6830ca090e2c9aec4a03676ea44d95001126d1ca2d9d49fc1a4224eaa5d"
"csv","module-help","l3io-util","l3io-util/module-help.csv","2ad4252486564063cdaf31f95678048b1a747cf7b4cb086e14427c945fc43ab0"
"json","bmad-dependencies","l3io-util","l3io-util/l3io-util-doctor/assets/bmad-dependencies.json","04ec2e1bc1c81abc42e4722862b6de0566e67b9c81d4440f7170014cfa335dd0"
"json","payload-manifest","l3io-util","l3io-util/l3io-util-doctor/payload-manifest.json","0f6a32e758b1ce31ec2cb521a2d27f50448d35cf5e10c412504fb01ad20280dc"
"md","backlog","l3io-util","l3io-util/l3io-util-doctor/steps/backlog.md","27581bbf5a5d3adcd1561ce6f1f5fa8117926ac2c4e88bcb70a88f67279b1770"
"md","bootstrap-state","l3io-util","l3io-util/l3io-util-doctor/steps/bootstrap-state.md","0c8bd9b3299af70fec798a51928ec380623355c67879b01f852c086adbcf563e"
"md","check-deps","l3io-util","l3io-util/l3io-util-doctor/steps/check-deps.md","1ec6bcc059ea1ed2ab9731e5249ecedfac07f162e47f1ac78e820112376c099e"
"md","clean-legacy","l3io-util","l3io-util/l3io-util-doctor/steps/clean-legacy.md","e8f81b5f855c7df6b7da7bb2ae20cd58218be2ccbc48c31df4f367ce30c3ad3f"
"md","config-resolution","l3io-util","l3io-util/l3io-util-doctor/references/config-resolution.md","db1ac9c41bb785c786663c1207f03b19451b399bb9577ef761216b5392182fd7"
"md","harvest-debt","l3io-util","l3io-util/l3io-util-doctor/steps/harvest-debt.md","71c44b6d93019d41f833eb5d08fc0cae1d936140083dc39788976ce3b8c38609"
"md","health-check","l3io-util","l3io-util/l3io-util-doctor/steps/health-check.md","22f5704f292ef98ed54cecc37b8a2ae7bbd2683abfaf043629878ac93bd72c52"
"md","layout-cleanup","l3io-util","l3io-util/l3io-util-doctor/steps/layout-cleanup.md","349c46a69e3e4427026d0abb372a3c6290428b61e36e9a6671936fdb1fedb7d6"
"md","migrate-adrs","l3io-util","l3io-util/l3io-util-doctor/steps/migrate-adrs.md","5f783b6d64ec7131a355f382de8b749ab5702cb4ef0bd82382b2711444b932b9"
"md","migrate-state","l3io-util","l3io-util/l3io-util-doctor/assets/migrate-state.md","74d8eb22ecb5b260c25c156f08555ec68548ef567e0d7a0eda62b6fc25db721b"
"md","migrate-state","l3io-util","l3io-util/l3io-util-doctor/steps/migrate-state.md","f60d920473ee9139fbaf476c251811f83d53ffb97527b791ba80648407f6a737"
"md","module-setup","l3io-util","l3io-util/l3io-util-doctor/assets/module-setup.md","6a183e230bb6e86ee8dcb4e9c4804dd9f99883de02e4fca4031f3500848a4048"
"md","normalize","l3io-util","l3io-util/l3io-util-doctor/steps/normalize.md","80ae6f0b0b7020e35440bea754e14d08cc7fa74d9b912ec1914ae6ca5e4b1fc7"
"md","reconcile-status","l3io-util","l3io-util/l3io-util-doctor/steps/reconcile-status.md","c8cebe363b3d7d9ce00f0aa20bc99dc3f63c1a69f918fc183c3463a2ea1442fe"
"md","redrive","l3io-util","l3io-util/l3io-util-doctor/steps/redrive.md","6543a5a29b49dce533710bbb6dac27211bea6a52f6af1c5e7cc23cce267fb9f8"
"md","rename-active","l3io-util","l3io-util/l3io-util-doctor/steps/rename-active.md","e5a59a35ab1c68e7bf6ca6f322ca8aa550a55b445f794ebbe2f1768a3d757e19"
"md","rename-epic-dirs","l3io-util","l3io-util/l3io-util-doctor/steps/rename-epic-dirs.md","9638bd12381c427f3aa99024fdeec80aa9e240321fd4c834f38aea61f220ea64"
"md","schema-migration","l3io-util","l3io-util/l3io-util-doctor/steps/schema-migration.md","23088c41dc18ee9b59c3bc5b407e919a992de9b28f0dfff03f07b166b10aeade"
"md","SKILL","l3io-util","l3io-util/l3io-util-doctor/SKILL.md","bb90585e0f4e4cdf511b7da739acd86b0cab33a79ca990b119252e12caf6e12a"
"md","SKILL","l3io-util","l3io-util/l3io-util-cleanup/SKILL.md","d0df9e72123a3bb2f61e758f2f7db32ad33ab752170f350951d57776c163bcba"
"md","sort-status","l3io-util","l3io-util/l3io-util-doctor/steps/sort-status.md","bbd50251b694bfeb8bd71b9c8283aea18dbfe26e37e668dc248667b11804ddfc"
"md","split-status","l3io-util","l3io-util/l3io-util-doctor/steps/split-status.md","cc6bf580b4c961d628a84020d259181b7f500db9dc7dca9d1351c2da1ff91827"
"md","stats","l3io-util","l3io-util/l3io-util-doctor/steps/stats.md","0877639bd67baa5aad54d405b91e44da7345a10cef6acd849b682904d1115f12"
"md","triage","l3io-util","l3io-util/l3io-util-doctor/steps/triage.md","8f0aa9aebcb647b21a26e69e640298f7cd49565c8d6a9d1a7832eac6f48433d7"
"md","update-ai-rules","l3io-util","l3io-util/l3io-util-doctor/steps/update-ai-rules.md","567495050c6651ae5d21d6b2cf497af36ee78197109df208bdd69c75ec572f3c"
"py","audit-backlog","l3io-util","l3io-util/l3io-util-doctor/scripts/audit-backlog.py","3f64f089e96414e5bd9a51a50effb5c34950b6cd20c8cad5be5793971cd41699"
"py","bmad-deps","l3io-util","l3io-util/l3io-util-doctor/scripts/bmad-deps.py","12d03c3d617f2974580217f23cf027c2b874818a79eee6dd4c9ac8c76f141a2b"
"py","pm-status","l3io-util","l3io-util/l3io-util-doctor/scripts/pm-status.py","58304be3eff53054ce0e1fcee5ada0960ef42accca0294de510a946b3a091b8d"
"py","spec-align","l3io-util","l3io-util/l3io-util-doctor/scripts/spec-align.py","54e660827d75571f4757d74375cf5a48591bf39167359cc6def06aa82792ab9e"
"py","test-audit-backlog","l3io-util","l3io-util/l3io-util-doctor/scripts/tests/test-audit-backlog.py","3f886e9983340874505240cf32d9d11212038e76880f38d0f4c9dc1fe810859f"
"py","test-bmad-deps","l3io-util","l3io-util/l3io-util-doctor/scripts/tests/test-bmad-deps.py","88df342c987e4235209447a002476233694a3765a30dada21cf2d7808ded22cd"
"py","write-module-config","l3io-util","l3io-util/l3io-util-doctor/scripts/write-module-config.py","fdc0e81cda51221599907b9023a096b0570e096b7d921fb0c1db2050afa7a80f"
"toml","customize","l3io-util","l3io-util/l3io-util-doctor/customize.toml","d8582428aff0bc837468680f9861283c8a8e373ae62e69c305cd2dccb652bcb2"
"toml","customize","l3io-util","l3io-util/l3io-util-cleanup/customize.toml","18522ef9abee7a444daa8f23b571a20ef18800a165d62c0e2b3d491740b7f296"
"yaml","config","l3io-util","l3io-util/config.yaml","5a9c845fe2694dbf3d1178972702b4fb4bd3715a7e1ba03f65465fab9ac0c771"
"file",".gitignore","render","render/.gitignore","240a3e0d37d2e86b614063f5347eb02d4f99ca6c254de6b82871ff8d95532a7d"
"py","config_utils","scripts","scripts/config_utils.py","48afe2bc18a29201e343cce3703be1e70df9c83ee74eeb68e57ef8ef42e8c651"
"py","memlog","scripts","scripts/memlog.py","3b00f82ca33dc4227f715123b939514ee35c4f9c71150c894c3d8185df1b48df"
"py","render_skill","scripts","scripts/render_skill.py","8496d0d8b449d64c21b42a9aab3b13fc8a813a430c0695ffd84ad75bb1da7942"
"py","resolve_config","scripts","scripts/resolve_config.py","70d7577396ed40ab9462ab75dce51f852bc2e094b2d1a054214f1b30c8789768"
"py","resolve_customization","scripts","scripts/resolve_customization.py","c95aab9f2dc500d6ab7db77d6a7860028701ce414e03690613a282cc3659d284"
